S.No,Name,Street_address,City,Zip_code,Region,Country,email_id,debt_ratio,date_of_creation
100,Jason Preston,P.O. Box 490,,,,,,,
101,Paloma Whitaker,5554 Nunc Road,Alajuela,21205,A,Martinique,libero.et.tristique@iaculisodio.com,$95541,24.12.19
102,Megan Mcgee,4080 Ornare Av.,Huancayo,46-308,Junín,Lithuania,iaculis.aliquet@sedorci.net,$43125,13.10.19
103,Keith Faulkner,6202 Tincidunt Rd.,Bremen,30012,HB,Montserrat,gravida.molestie.arcu@Nullamlobortis.org,$26789,27.02.21
104,Eaton Pitts,4426 Nec,,,,,,,
105,Mollie Spears,8738 Tellus Avenue,Yaroslavl,19-005,YAR,Ghana,eu.dolor@posuerecubilia.net,$42732,02.05.20
106,Amy Lamb,P.O. Box 264,,,,,,,
107,Thaddeus Fowler,Ap #441-5342 Orci. Road,Morolo,17242-978,Lazio,Barbados,bibendum.ullamcorper.Duis@necmalesuadaut.edu,$13308,10.08.20
108,Kristen Wooten,664-2945 Non,,,,,,,
109,Jael Pearson,Ap #513-4461 Magna. Road,Lerum,65559,O,Myanmar,nulla@etmalesuada.ca,$18280,31.12.19
110,Wynne Albert,6651 Fusce Ave,Leicester,42443,LE,Slovakia,nunc.risus@Aenean.com,$61854,16.08.19
111,Perry Kirby,Ap #749-5146 Condimentum. St.,Morena,2248,MP,Sao Tome and Principe,mollis.nec.cursus@pharetra.org,$35896,06.04.21
112,Gavin Mathews,754-7375 Proin Rd.,Gimcheon,68635,North Gyeongsang,Italy,tristique@pede.net,$61432,01.03.21
113,Edward Mcmahon,563-4131 Scelerisque Av.,Waterloo,2948,WB,Grenada,arcu.Curabitur@turpis.edu,$15208,24.06.19
114,Robert Ferrell,Ap #635-8973 Integer Avenue,Pittsburgh,V1Y 0B4,Pennsylvania,Mayotte,vitae.risus@ultricies.com,$58997,13.10.19
115,Barrett Whitley,P.O. Box 500,,,,,,,
116,Kay Gonzales,Ap #561-2487 Non Street,Berlin,509499,Berlin,Congo (Brazzaville),faucibus@sapiengravidanon.com,$49149,25.05.20
117,Hanae Kirkland,Ap #972-8056 At,,,,,,,
118,Hop Mercado,P.O. Box 149,,,,,,,
119,Sawyer Kane,619-4159 Quisque Av.,Chimbote,61644,ANC,Mali,nulla.Integer@Pellentesquehabitant.edu,$85712,28.10.20
120,Mark Gallegos,P.O. Box 563,,,,,,,
121,Adam Spears,Ap #195-2760 Nullam Rd.,Arequipa,3874 PU,Arequipa,Egypt,massa.Mauris.vestibulum@luctusCurabitur.ca,$86522,18.06.19
122,Regina Camacho,989-5903 Sapien Road,Petrolina,5601 GS,PE,Nauru,leo.in.lobortis@gravida.ca,$25508,15.10.20
123,Brianna Oliver,Ap #421-1727 Cum St.,Legnica,30184,DS,Mayotte,eget.dictum.placerat@Mauris.com,$77877,24.11.20
124,Daquan Hyde,653-1886 Molestie. Ave,Gulfport,6485,Mississippi,Lebanon,ante.dictum.mi@Quisquenonummyipsum.com,$49524,19.12.20
125,Jasper Kinney,P.O. Box 115,,,,,,,
126,Brenda Cantrell,8268 Purus Rd.,Valéncia,Z4383,Comunitat Valenciana,Samoa,Vestibulum@sodalespurusin.ca,$63811,14.07.19
127,Constance Shaffer,P.O. Box 657,,,,,,,
128,Jael Hess,Ap #599-5082 Duis St.,Tarvisio,41103-80627,FVG,Burundi,auctor@sitamet.ca,$78989,16.04.20
129,Zena Wyatt,8625 Pede,,,,,,,
130,Myles Peterson,Ap #782-946 Eget Av.,Okene,7640,KO,Iraq,Phasellus.ornare@aliquet.ca,$27420,13.11.20
131,Audrey Byers,Ap #538-1802 Etiam Street,Cartagena,340661,Murcia,Heard Island and Mcdonald Islands,diam.lorem.auctor@elementumpurus.org,$43093,03.02.20
132,Isabelle Reilly,P.O. Box 534,,,,,,,
133,Brianna Holmes,4726 At Street,Haarlem,180411,N.,Saint Martin,diam.nunc.ullamcorper@cursusaenim.net,$97859,13.12.19
134,Emerald Johnston,Ap #308-6824 Amet Ave,San Isidro,4834 PE,SJ,Saint Barthélemy,mi@et.com,$21451,09.04.20
135,Brenden Gardner,Ap #332-7686 Lacus. Road,Ipatinga,N0M 7W3,Minas Gerais,Turkey,ultrices.Duis@risus.com,$17133,12.04.21
136,Geraldine Benjamin,2900 Suspendisse St.,Luton,65152,Bedfordshire,France,risus.quis@Sed.edu,$43070,18.03.20
137,Barrett Paul,222-8102 Et Street,Medemblik,86980,N.,Malta,sed@dolor.co.uk,$91101,09.06.20
138,Quincy Henry,9201 Elementum,,,,,,,
139,Flynn Oneill,Ap #972-3864 Sed Road,Sluis,2572,Zeeland,Turks and Caicos Islands,dictum.cursus@noncursus.edu,$17280,12.01.21
140,Kiona Lloyd,Ap #576-4279 Purus Road,Villa Latina,842264,LAZ,Palau,fames.ac.turpis@posuere.org,$37300,01.12.19
141,Brennan Frost,959-2422 Est,,,,,,,
142,Keane Levy,9683 Eu Street,Bungay,63626,SF,Tanzania,In@milorem.net,$73572,17.11.20
143,Kasper Carver,Ap #697-6514 Gravida Street,San Francisco,9892,California,Iceland,purus.Duis@montes.net,$73482,18.09.20
144,Robin Wells,Ap #619-4469 Aliquam Rd.,Värnamo,E70 1DC,F,Cayman Islands,faucibus.orci@lectus.edu,$49079,08.06.20
145,Hop Vega,3631 Ipsum Road,Vienna,130539,Vienna,Japan,purus.gravida.sagittis@sit.edu,$07475,14.05.19
146,Armando Henry,P.O. Box 999,,,,,,,
147,Armand Alexander,Ap #142-7676 Molestie Street,Semarang,34967,Central Java,Finland,Nam@ProinultricesDuis.edu,$41001,15.03.21
148,Tanek Morales,595-2354 Feugiat Rd.,Hamburg,3729,HH,Finland,metus.In.lorem@eutellusPhasellus.co.uk,$57478,15.12.19
149,Dylan Rich,Ap #945-5002 Tellus Rd.,Catacaos,25124-087,PIU,United Kingdom (Great Britain),arcu.iaculis.enim@atauctorullamcorper.co.uk,$11896,21.11.19
150,Yuli Banks,4824 Bibendum St.,Nieuwmunster,Z3361,WV,Italy,dolor.Quisque.tincidunt@miDuis.net,$33734,22.05.19
151,Kane Christensen,651-2920 Elit. St.,Mackay,83404,QLD,Tanzania,mollis@eu.com,$13723,06.03.20
152,Frances Finch,Ap #799-2056 Tellus Ave,Issy-les-Moulineaux,769710,Île-de-France,Kenya,convallis@molestie.com,$29493,30.03.21
153,Denton Burton,200-7719 Pellentesque. Street,La Baie,10405,Quebec,Namibia,feugiat@maurisIntegersem.co.uk,$69720,30.12.20
154,Leah Avila,593-2431 Egestas,,,,,,,
155,Gary Osborne,417 Aenean St.,Timaru,78876-166,South Island,Bangladesh,mattis@acurnaUt.org,$87273,08.10.20
156,Bert Mayo,Ap #745-3443 Fermentum Av.,Soledad,63143,Atlántico,Fiji,Duis.mi.enim@dui.org,$78183,01.12.19
157,Kirk Crane,P.O. Box 184,,,,,,,
158,Quinlan Baker,Ap #760-7738 Erat Rd.,Trollhättan,41279,Västra Götalands län,Equatorial Guinea,aliquam@Morbi.ca,$91976,28.04.20
159,Gillian Carlson,6415 Iaculis Rd.,Puerto Montt,K9Y 0W6,X,Swaziland,lorem.eu@Nullafacilisi.edu,$92481,19.10.20
160,Medge Atkins,Ap #591-7651 Eu Rd.,San Luca,462,Calabria,Congo,,,
161,Bo Mckinney,4016 Donec Av.,Rotorua,7628,NI,Aruba,lacus.varius.et@accumsaninterdum.ca,$32563,02.12.19
162,Dale Shepard,P.O. Box 852,,,,,,,
163,Nina Holmes,Ap #346-9137 Dolor Rd.,Dover,65048-453,Delaware,Uruguay,magna.tellus.faucibus@posuere.ca,$88668,24.02.20
164,Hilel Estes,Ap #139-5063 Lobortis Street,Sacheon,50801,Gye,Guyana,Aenean.massa.Integer@nislsemconsequat.edu,$13927,27.08.19
165,Eagan Valdez,Ap #435-5971 Dolor Av.,Singkawang,22833,West Kalimantan,Uruguay,Donec.dignissim@esttemporbibendum.com,$61173,29.08.20
166,Eden Goodwin,P.O. Box 577,,,,,,,
167,Orlando Bailey,Ap #149-7183 Vestibulum,,,,,,,
168,Sage Carson,695-8632 Ridiculus Av.,Veere,70919,Zeeland,Bulgaria,nec.ante.Maecenas@in.co.uk,$09334,15.04.21
169,Miriam Holt,P.O. Box 350,,,,,,,
170,McKenzie Hart,Ap #526-6453 Nisi. Avenue,Alajuela,G1T 8E2,A,Congo (Brazzaville),lectus.quis.massa@gravidasitamet.org,$00146,14.05.19
171,Rashad Haynes,Ap #487-1055 Eu,,,,,,,
172,Cyrus Velazquez,Ap #871-5540 Tellus Rd.,Malakand,14926,Khyber Pakhtoonkhwa,Russian Federation,dui@egestasa.ca,$84182,05.07.19
173,Lydia Fitzpatrick,P.O. Box 737,,,,,,,
174,Ciaran Mcbride,P.O. Box 301,,,,,,,
175,Dante Winters,Ap #966-2091 Ligula Street,Markham,34256,Ontario,Germany,ipsum.sodales.purus@lobortisaugue.ca,$50179,05.05.21
176,Isadora Mcknight,346-5440 Cras Street,Borås,201611,O,Zambia,In@luctusipsum.net,$55928,01.08.19
177,Adrian Harvey,Ap #243-2989 Eget Street,Kharagpur,2466,WB,Samoa,Proin.mi@Cum.com,$93481,21.12.20
178,Myra Dennis,3305 Cursus Road,Mauá,713091,São Paulo,Cameroon,erat.Vivamus@nec.co.uk,$91766,28.12.20
179,Igor Mullen,Ap #967-8664 Neque St.,Leonding,19084,Upper Austria,Ecuador,facilisis.Suspendisse@semelit.net,$52832,12.10.20
180,Yolanda Sosa,Ap #350-9100 Nec,,,,,,,
181,Noble Gilliam,877 Molestie Avenue,Llandovery,30408,CM,Palestine,,,
182,Maya Rollins,946-4470 Vulputate Rd.,Puntarenas,0888 NP,Puntarenas,Congo (Brazzaville),leo.Cras@dignissimlacusAliquam.co.uk,$68864,18.05.20
183,Kasimir Greene,7929 Vel Avenue,Brest,GD4 1VU,Bretagne,Sri Lanka,malesuada.ut.sem@mauriselit.org,$46208,09.02.20
184,Alexander Ratliff,7044 Ornare,,,,,,,
185,Aristotle Duran,Ap #739-8635 Odio St.,San Vicente,54671,San José,Montenegro,augue.ut.lacus@nonlorem.org,$06073,25.09.20
186,Kaitlin Ferrell,1097 Vivamus Rd.,Uruapan,8682,Michoacán,South Sudan,mauris@euismodestarcu.org,$07443,07.04.21
187,Sylvia Miles,303-5281 Cubilia Avenue,Worcester,92005,Massachusetts,Sint Maarten,enim.Etiam.gravida@tempusscelerisquelorem.ca,$72485,07.12.19
188,Quin Callahan,9770 Placerat,,,,,,,
189,Bianca Best,464-3517 Ridiculus St.,Magangué,129540,BOL,Bangladesh,enim@convallisligulaDonec.edu,$78316,09.03.20
190,Reed Vinson,455-4295 Aliquam Av.,Hoogeveen,35982-064,Drenthe,United States,Integer.id@luctusetultrices.co.uk,$27735,30.08.19
191,Marny West,P.O. Box 348,,,,,,,
192,Beau Williams,P.O. Box 135,,,,,,,
193,John Chang,7151 Pellentesque. Rd.,Kupang,2047,East Nusa Tenggara,Egypt,Etiam@dictum.edu,$09504,04.03.21
194,Jerry Byrd,P.O. Box 702,,,,,,,
195,Kelsey Norman,Ap #309-320 Mauris Rd.,Khandwa,Z1612,Madhya Pradesh,Slovakia,sit@faucibusorciluctus.com,$48073,25.11.19
196,Sylvester Perez,224-6837 Nulla Street,Belfast,649662,U,Qatar,nec@velturpisAliquam.edu,$94385,29.08.19
197,Callie George,2503 Metus Rd.,Okpoko,1542,Anambra,Hungary,placerat.augue@Duiselementum.edu,$61942,06.02.20
198,Zelenia Cardenas,2863 Adipiscing St.,North Waziristan,11106,FA,Lesotho,id@estMauriseu.edu,$60904,09.07.20
199,Chester Tucker,Ap #480-6362 Fermentum Avenue,Merbes-Sainte-Marie,383545,Henegouwen,Jersey,dapibus.gravida.Aliquam@amalesuada.ca,$67448,09.04.20
